{"fn_name": "two_decimal_places", "inputs": [[10.1289767789], [-7488.83485834983], [4.653725356]], "outputs": [[10.12], [-7488.83], [4.65]]}