{"fn_name": "looper", "inputs": [[1, 5, 1], [1, 5, 2], [1, 5, 3], [1, 5, 4], [1, 5, 5]], "outputs": [[[1.0]], [[1.0, 5.0]], [[1.0, 3.0, 5.0]], [[1.0, 2.333333333333333, 3.6666666666666665, 5.0]], [[1.0, 2.0, 3.0, 4.0, 5.0]]]}