{"fn_name": "ex_euler", "inputs": [[1], [10], [17], [50], [100], [200], [400], [800], [1000], [1200], [1500], [2000]], "outputs": [[0.5], [0.026314], [0.015193], [0.005073], [0.002524], [0.001259], [0.000628], [0.000314], [0.000251], [0.000209], [0.000167], [0.000125]]}